variant	detected_cni	claims_enforces	same_node	cross_node	actual	predicted	correct	audit_exit
kindnet	kindnet	true	blocked	blocked	enforced	enforced	yes	0
kindnet-legacy	kindnet	true	open	open	not-enforced	enforced	NO	0
calico	calico	true	blocked	blocked	enforced	enforced	yes	0
cilium	cilium	true	blocked	blocked	enforced	enforced	yes	0
antrea	unknown	false	blocked	blocked	enforced	unknown	undecided	0
k3s	k3s	true	blocked	blocked	enforced	enforced	yes	0
k3s-no-policy	k3s	false	open	open	not-enforced	not-enforced	yes	1
flannel	flannel	false	open	open	not-enforced	not-enforced	yes	1
canal	canal	true	blocked	blocked	enforced	enforced	yes	0
flannel-kube-router	flannel	false	blocked	blocked	enforced	not-enforced	NO	1
